Status,Study,Supplier,Sanger Sample Name,Supplier Sample Name,Plate,Well,Supplier Volume,Supplier Gender,Concentration,Measured Volume,Total micrograms,Fluidigm Count,Fluidigm Gender,Genotyping Status,Genotyping Chip,Genotyping Infinium Barcode,Genotyping Barcode,Genotyping Well Cohort,Proceed
,,,1,,5260272593678,A:1,,Male,1.82252375177203,11.5704,0.0210873288175031,,,,,,,,Y
,,,9,,5260272593678,A:2,,Male,43.2418274970269,25.6726,1.11013014060017,,,,,,,,Y
,,,17,,5260272593678,A:3,,Male,65.2643569917257,14.844,0.968784115185176,,,,,,,,N
,,,25,,5260272593678,A:4,,Male,161.313282839686,18.8477,3.04038436097755,,,,,,,,Y
,,,1,,5260273394663,A:1,,Male,50.777861661592,11.5704,0.587520170569284,,,,,,,,N
,,,9,,5260273394663,A:2,,Male,80.3507059503359,25.6726,2.06281153358059,,,,,,,,Y
,,,17,,5260273394663,A:3,,Male,98.6744779141693,14.844,1.46472395015793,,,,,,,,Y
